{
  "timestamp": "2026-04-27T21:12:08",
  "base": "mlx-community/Qwen3.5-35B-A3B-4bit",
  "adapter": "~/Jarvis/models/adapters/35b_mlx",
  "layer_count": 390,
  "samples_per_layer": 4,
  "overall": {
    "mean": 0.03468204332879162,
    "max": 0.18732068341358735,
    "p50": 0.03454437655169147,
    "p95": 0.038996572325996015,
    "p99": 0.05967659312181279
  },
  "by_suffix": {
    "shared_expert_gate": {
      "mean": 0.035994277440849494,
      "n": 40,
      "worst_max": 0.3616732022887921
    },
    "up_proj": {
      "mean": 0.03479216589156746,
      "n": 40,
      "worst_max": 0.03830596956571725
    },
    "down_proj": {
      "mean": 0.03462396091608774,
      "n": 40,
      "worst_max": 0.03718215574562271
    },
    "gate_proj": {
      "mean": 0.03453453120802718,
      "n": 40,
      "worst_max": 0.039007736153300825
    },
    "gate": {
      "mean": 0.033318235749800126,
      "n": 40,
      "worst_max": 0.057289617192451986
    },
    "o_proj": {
      "mean": 0.03458057612180407,
      "n": 10,
      "worst_max": 0.03575314946952271
    },
    "v_proj": {
      "mean": 0.03391408257712193,
      "n": 10,
      "worst_max": 0.036591500980282084
    },
    "k_proj": {
      "mean": 0.03470450706882244,
      "n": 10,
      "worst_max": 0.03694023389295033
    },
    "q_proj": {
      "mean": 0.03461513487120915,
      "n": 10,
      "worst_max": 0.03614304090378871
    },
    "out_proj": {
      "mean": 0.03450677957020088,
      "n": 30,
      "worst_max": 0.03676947901139265
    },
    "in_proj_a": {
      "mean": 0.03585910242809229,
      "n": 30,
      "worst_max": 0.06135812930898309
    },
    "in_proj_b": {
      "mean": 0.03431361555175761,
      "n": 30,
      "worst_max": 0.06181998522766325
    },
    "in_proj_z": {
      "mean": 0.034628133808102285,
      "n": 30,
      "worst_max": 0.03721238477404631
    },
    "in_proj_qkv": {
      "mean": 0.034603270094709614,
      "n": 30,
      "worst_max": 0.03692043581173526
    }
  }
}